Date,US_10Y_Yield_Actual,AAA_Bond_Yield_Actual,BAA_Bond_Yield_Actual,Junk_Bond_Yield_Actual,AAA_Bond_Yield,BAA_Bond_Yield,US_10Y_Yield,Junk_Bond_Yield
2014-12-01,2.22,3.79,4.74,4.82,3.5014143,4.564905,3.0224934,5.0879207
2015-01-01,2.17,3.46,4.45,5.04,3.5022774,4.562681,3.01929,5.0896735
2015-02-01,1.68,3.61,4.51,5.26,3.5017653,4.5572977,3.0192382,5.083454
2015-03-01,2.0,3.64,4.54,4.46,3.5030918,4.5610824,3.019689,5.0883656
2015-04-01,1.87,3.52,4.48,4.86,3.503778,4.56342,3.011194,5.081286
2015-05-01,2.12,3.98,4.89,4.53,3.4976292,4.558213,3.0253835,5.0814233
2015-06-01,2.19,4.19,5.13,4.52,3.5015445,4.5691133,3.0145984,5.083739
2015-07-01,2.43,4.15,5.2,4.88,3.503892,4.5591574,3.025745,5.0839796
2015-08-01,2.2,4.04,5.19,5.36,3.5022674,4.553076,3.019261,5.084737
2015-09-01,2.17,4.07,5.34,5.78,3.4947476,4.5567584,3.0173376,5.082873
2015-10-01,2.05,3.95,5.34,6.67,3.4988604,4.5562162,3.010154,5.089129
2015-11-01,2.16,4.06,5.46,5.9,3.4954371,4.5677977,3.025449,5.089316
2015-12-01,2.15,3.97,5.46,6.4,3.5035849,4.562616,3.0272975,5.099881
2016-01-01,2.27,4.0,5.45,6.95,3.499857,4.563633,3.0091145,5.09254
2016-02-01,1.97,3.96,5.34,7.79,3.5018744,4.5496526,3.0312412,5.086765
2016-03-01,1.83,3.82,5.13,7.46,3.4929924,4.5451894,3.0096283,5.0947475
2016-04-01,1.79,3.62,4.79,7.05,3.5022244,4.5545807,3.0221407,5.1064496
2016-05-01,1.83,3.65,4.68,6.21,3.5000176,4.5553584,3.0264008,5.1028357
2016-06-01,1.85,3.5,4.53,6.01,3.497117,4.552278,3.0255203,5.1045933
2016-07-01,1.46,3.28,4.22,6.12,3.494204,4.5625644,3.009153,5.0915895
2016-08-01,1.51,3.32,4.24,5.69,3.5001435,4.551397,3.0320566,5.096945
2016-09-01,1.57,3.41,4.31,5.12,3.4887438,4.5584908,3.0261984,5.0837393
2016-10-01,1.6,3.51,4.38,4.97,3.501182,4.553398,3.0044649,5.104383
2016-11-01,1.83,3.86,4.71,5.05,3.501696,4.555398,3.0120988,5.093132
2016-12-01,2.45,4.06,4.83,4.62,3.4964237,4.5490637,3.000583,5.112387
2017-01-01,2.45,3.92,4.66,4.22,3.4937658,4.555012,3.0274994,5.095328
2017-02-01,2.48,3.95,4.64,3.95,3.4964895,4.5549927,3.0219488,5.1002603
2017-03-01,2.46,4.01,4.68,3.57,3.5002875,4.5632157,3.0365987,5.096264
2017-04-01,2.4,3.87,4.57,3.92,3.5043483,4.555966,3.025587,5.0895815
2017-05-01,2.33,3.85,4.55,3.78,3.496624,4.5617623,3.0140839,5.1088614
2017-06-01,2.21,3.68,4.37,3.69,3.49013,4.5588965,3.0269613,5.094096
2017-07-01,2.31,3.7,4.39,3.77,3.4999752,4.5424876,3.0222607,5.087841
2017-08-01,2.26,3.63,4.31,3.6,3.4953775,4.5547075,3.0246935,5.0973315
2017-09-01,2.16,3.63,4.3,3.82,3.4974341,4.556401,3.021968,5.110388
2017-10-01,2.33,3.6,4.32,3.56,3.4989018,4.542746,3.0126672,5.090884
2017-11-01,2.37,3.57,4.27,3.48,3.5000334,4.5562663,3.0252018,5.090374
2017-12-01,2.37,3.51,4.22,3.63,3.502205,4.558842,3.0072715,5.08914
2018-01-01,2.4,3.55,4.26,3.63,3.5025249,4.5525355,3.0315154,5.08883
2018-02-01,2.78,3.82,4.51,3.29,3.4900122,4.5603228,3.0101197,5.102823
2018-03-01,2.81,3.87,4.64,3.59,3.5024223,4.5500813,3.0275455,5.1024117
2018-04-01,2.74,3.85,4.67,3.72,3.492289,4.5417614,3.0150838,5.0998936
2018-05-01,2.97,4.0,4.83,3.47,3.497913,4.544456,3.031265,5.1037636
2018-06-01,2.89,3.96,4.83,3.55,3.493178,4.5414844,3.014692,5.0932727
2018-07-01,2.85,3.87,4.79,3.71,3.4971218,4.549219,3.029519,5.1086545
2018-08-01,3.0,3.88,4.77,3.43,3.492786,4.547832,3.0303628,5.0886064
2018-09-01,2.86,3.98,4.88,3.49,3.4980946,4.564826,3.0297341,5.092113
2018-10-01,3.09,4.14,5.07,3.22,3.4952602,4.566564,3.021742,5.0974402
2018-11-01,3.14,4.22,5.22,3.81,3.496182,4.548238,3.0093498,5.105296
2018-12-01,3.01,4.02,5.13,4.29,3.4944973,4.554094,3.0262475,5.096229
2019-01-01,2.69,3.93,5.12,5.33,3.4959087,4.5627437,3.0176933,5.1021004
2019-02-01,2.7,3.79,4.95,4.29,3.501379,4.5611286,3.0145366,5.1071053
2019-03-01,2.76,3.77,4.84,3.86,3.4921527,4.5504684,3.0097947,5.1048074
2019-04-01,2.49,3.69,4.7,3.94,3.492859,4.5617404,3.016202,5.103068
2019-05-01,2.52,3.67,4.63,3.71,3.4980736,4.5492334,3.0107687,5.095984
2019-06-01,2.14,3.42,4.46,4.59,3.4962044,4.5375633,3.0063734,5.112147
2019-07-01,2.03,3.29,4.28,3.99,3.4989219,4.5399427,3.013148,5.103905
2019-08-01,1.9,2.98,3.87,4.1,3.4974504,4.543618,3.0173867,5.092307
2019-09-01,1.5,3.03,3.91,4.13,3.4892144,4.5437636,3.005141,5.090878
2019-10-01,1.65,3.01,3.92,4.08,3.4948044,4.558089,3.0211384,5.105308
2019-11-01,1.73,3.06,3.94,4.09,3.4957962,4.5597596,3.011051,5.118915
2019-12-01,1.78,3.01,3.88,4.02,3.4954963,4.550628,3.0195892,5.0995903
2020-01-01,1.92,2.94,3.77,3.6,3.496965,4.5552297,3.0238576,5.090196
2020-02-01,1.51,2.78,3.61,4.03,3.4856339,4.5582004,3.0129826,5.0935903
2020-03-01,1.13,3.02,4.29,5.06,3.499074,4.5394106,3.0236518,5.086598
2020-04-01,0.62,2.43,4.13,9.11,3.5002604,4.5579925,3.027928,5.0873537
2020-05-01,0.64,2.5,3.95,7.7,3.4898686,4.546331,3.0165102,5.103536
2020-06-01,0.66,2.44,3.64,6.43,3.492762,4.56312,3.005588,5.1055584
2020-07-01,0.69,2.14,3.31,6.33,3.493311,4.554592,3.0147521,5.1012945
2020-08-01,0.55,2.25,3.27,5.16,3.4932652,4.5519958,3.0222826,5.091992
2020-09-01,0.68,2.31,3.36,4.97,3.504703,4.5583467,3.0252519,5.1049757
2020-10-01,0.68,2.35,3.44,5.36,3.4920483,4.543153,3.0199797,5.1139727
2020-11-01,0.88,2.3,3.3,5.32,3.4939966,4.5570736,3.02068,5.096516
2020-12-01,0.92,2.26,3.16,4.21,3.499477,4.5679107,3.027466,5.084902
2021-01-01,0.93,2.45,3.24,3.86,3.5032883,4.5629606,3.018647,5.0903883
2021-02-01,1.09,2.7,3.42,3.83,3.4936428,4.5603404,3.0325575,5.0975785
2021-03-01,1.45,3.04,3.74,3.54,3.4960585,4.5598335,3.0200238,5.0911613
2021-04-01,1.69,2.9,3.6,3.33,3.4995308,4.5679817,3.027877,5.102303
2021-05-01,1.65,2.96,3.62,3.28,3.493906,4.5594754,3.0154312,5.08634
2021-06-01,1.62,2.79,3.44,3.33,3.4973888,4.5542884,3.0242853,5.086957
2021-07-01,1.48,2.57,3.24,3.02,3.5001411,4.555332,3.0122263,5.0945883
2021-08-01,1.24,2.55,3.24,3.32,3.5054054,4.5631504,2.9942117,5.106452
2021-09-01,1.31,2.53,3.23,3.19,3.5001144,4.5543175,3.0314543,5.095952
2021-10-01,1.48,2.68,3.35,3.2,3.4991164,4.5547814,3.0107715,5.1105685
2021-11-01,1.58,2.62,3.28,3.16,3.4961658,4.5520144,3.0181856,5.1135545
2021-12-01,1.43,2.65,3.3,3.58,3.5028834,4.5601997,3.028902,5.1170077
2022-01-01,1.52,2.93,3.58,3.1,3.5013547,4.556679,3.0335646,5.100763
2022-02-01,1.81,3.25,3.97,3.51,3.4997258,4.547155,3.024562,5.0958457
2022-03-01,1.72,3.43,4.29,3.89,3.497407,4.552938,3.026263,5.0975285
2022-04-01,2.39,3.76,4.66,3.4,3.4958038,4.551831,3.0364366,5.0848002
2022-05-01,2.89,4.13,5.12,3.97,3.4918838,4.5672917,3.0244322,5.0940633
2022-06-01,2.94,4.24,5.27,4.13,3.4972692,4.569941,3.0389369,5.114868
2022-07-01,2.88,4.06,5.21,5.92,3.493659,4.5542226,3.0257196,5.100744
2022-08-01,2.6,4.07,5.15,4.8,3.5020218,4.553381,3.024566,5.113561
2022-09-01,3.26,4.59,5.69,5.08,3.4956965,4.5430827,3.022717,5.0782313
2022-10-01,3.83,5.1,6.26,5.43,3.4993505,4.5593624,3.0193622,5.101263
2022-11-01,4.07,4.9,6.07,4.61,3.495099,4.544389,3.0218925,5.1142015
2022-12-01,3.53,4.43,5.59,4.48,3.4987102,4.5501995,3.0222058,5.102669
2023-01-01,3.88,4.4,5.5,4.81,3.4948378,4.562625,3.017348,5.1068273
2023-02-01,3.39,4.56,5.59,4.31,3.4999146,4.559252,3.0249896,5.0903506
2023-03-01,4.01,4.6,5.71,4.17,3.4934115,4.5588436,3.011474,5.086991
2023-04-01,3.48,4.47,5.53,4.58,3.4931974,4.5612135,3.0189326,5.093415
2023-05-01,3.59,4.67,5.77,4.45,3.4944577,4.5601754,3.0212328,5.0873814
2023-06-01,3.61,4.65,5.75,4.65,3.499434,4.56609,3.0262413,5.1121616
2023-07-01,3.81,4.66,5.74,4.05,3.5039697,4.5576253,3.0083323,5.0984006
2023-08-01,4.05,4.95,6.02,3.82,3.4967198,4.561216,3.0261734,5.11064
2023-09-01,4.18,5.13,6.16,3.81,3.498036,4.5593796,3.0173845,5.096554
2023-10-01,4.59,5.61,6.63,4.03,3.5012789,4.569839,3.0240924,5.1025534
2023-11-01,4.77,5.28,6.29,4.47,3.499208,4.553521,3.0198574,5.092197
2023-12-01,4.22,4.74,5.64,3.87,3.4953613,4.5512505,3.0224264,5.09074
2024-01-01,3.88,4.87,5.68,3.39,3.4926147,4.544118,3.0272038,5.0937815
2024-02-01,3.87,5.03,5.77,3.56,3.4945102,4.557032,3.020372,5.0984282
2024-03-01,4.19,5.01,5.75,3.32,3.4928446,4.550318,3.0038476,5.102774
2024-04-01,4.33,5.28,6.0,3.12,3.492116,4.5616007,3.0127456,5.099158
2024-05-01,4.63,5.25,5.95,3.21,3.4902663,4.561291,3.0097876,5.0895953
2024-06-01,4.51,5.13,5.82,3.2,3.4962292,4.5621443,3.0182261,5.0976257
2024-07-01,4.48,5.12,5.84,3.21,3.4967756,4.5637617,3.0221863,5.1015697
2024-08-01,3.99,4.87,5.6,3.35,3.4993038,4.5506964,3.0230017,5.1138673
2024-09-01,3.91,4.68,5.42,3.17,3.4961576,4.56151,3.022586,5.101045
2024-10-01,3.74,4.95,5.63,3.07,3.5000854,4.553809,3.04068,5.0997157
2024-11-01,4.37,5.14,5.78,2.83,3.5006905,4.5378366,3.021677,5.0974755